source_file,change_type,target_file,migration_status,manual_confirmation,verification,reason
data/version.ts,M,,skipped-generated-or-site-asset,yes,pending,legacy path has no approved direct target or generated lane
docs-api-reference/cloud-recording/go-api/struct.go.mdx,M,content/docs/zh-CN/api-reference/cloud-recording/go-api/struct.go.mdx,already-present-needs-semantic-patch,yes,preserved target; source delta requires semantic review,
docs-api-reference/convoai/agent-sdk-api/overview.agent-go.mdx,M,content/docs/zh-CN/api-reference/conversational-ai/agent-sdk-api/overview.agent-go.mdx,deferred-generated-or-navigation,yes,pending,legacy path has no approved direct target or generated lane
docs-api-reference/convoai/agent-sdk-api/overview.agent-python.mdx,M,content/docs/zh-CN/api-reference/conversational-ai/agent-sdk-api/overview.agent-python.mdx,deferred-generated-or-navigation,yes,pending,legacy path has no approved direct target or generated lane
docs-api-reference/convoai/agent-sdk-api/overview.agent-typescript.mdx,M,content/docs/zh-CN/api-reference/conversational-ai/agent-sdk-api/overview.agent-typescript.mdx,deferred-generated-or-navigation,yes,pending,legacy path has no approved direct target or generated lane
docs-api-reference/convoai/android-component/enum.android.mdx,M,content/docs/zh-CN/api-reference/conversational-ai/android-component/enum.android.mdx,deferred-generated-or-navigation,yes,pending,legacy path has no approved direct target or generated lane
docs-api-reference/convoai/android-component/iconversationalaiapi.android.mdx,M,content/docs/zh-CN/api-reference/conversational-ai/android-component/iconversationalaiapi.android.mdx,deferred-generated-or-navigation,yes,pending,legacy path has no approved direct target or generated lane
docs-api-reference/convoai/android-component/overview.android.mdx,M,content/docs/zh-CN/api-reference/conversational-ai/android-component/overview.android.mdx,deferred-generated-or-navigation,yes,pending,legacy path has no approved direct target or generated lane
docs-api-reference/convoai/android-component/struct.android.mdx,M,content/docs/zh-CN/api-reference/conversational-ai/android-component/struct.android.mdx,deferred-generated-or-navigation,yes,pending,legacy path has no approved direct target or generated lane
docs-api-reference/convoai/ios-component/conversationalaiapi.ios.mdx,M,content/docs/zh-CN/api-reference/conversational-ai/ios-component/conversationalaiapi.ios.mdx,deferred-generated-or-navigation,yes,pending,legacy path has no approved direct target or generated lane
docs-api-reference/convoai/ios-component/enum.ios.mdx,M,content/docs/zh-CN/api-reference/conversational-ai/ios-component/enum.ios.mdx,deferred-generated-or-navigation,yes,pending,legacy path has no approved direct target or generated lane
docs-api-reference/convoai/ios-component/overview.ios.mdx,M,content/docs/zh-CN/api-reference/conversational-ai/ios-component/overview.ios.mdx,deferred-generated-or-navigation,yes,pending,legacy path has no approved direct target or generated lane
docs-api-reference/convoai/ios-component/struct.ios.mdx,M,content/docs/zh-CN/api-reference/conversational-ai/ios-component/struct.ios.mdx,deferred-generated-or-navigation,yes,pending,legacy path has no approved direct target or generated lane
docs-api-reference/convoai/web-component/conversationalaiapi.typescript.mdx,M,content/docs/zh-CN/api-reference/conversational-ai/web-component/conversationalaiapi.typescript.mdx,deferred-generated-or-navigation,yes,pending,legacy path has no approved direct target or generated lane
docs-api-reference/convoai/web-component/enum.typescript.mdx,M,content/docs/zh-CN/api-reference/conversational-ai/web-component/enum.typescript.mdx,deferred-generated-or-navigation,yes,pending,legacy path has no approved direct target or generated lane
docs-api-reference/convoai/web-component/overview.typescript.mdx,M,content/docs/zh-CN/api-reference/conversational-ai/web-component/overview.typescript.mdx,deferred-generated-or-navigation,yes,pending,legacy path has no approved direct target or generated lane
docs-api-reference/convoai/web-component/struct.typescript.mdx,M,content/docs/zh-CN/api-reference/conversational-ai/web-component/struct.typescript.mdx,deferred-generated-or-navigation,yes,pending,legacy path has no approved direct target or generated lane
docs-api-reference/rtc/_platforms_.meta.js,M,,deferred-generated-or-navigation,yes,pending,legacy path has no approved direct target or generated lane
docs-api-reference/rtm2/_en/_javascript/_channel-en.javascript.mdx,M,content/docs/zh-CN/api-reference/rtm/_en/_javascript/_channel-en.javascript.mdx,deferred-generated-or-navigation,yes,pending,legacy path has no approved direct target or generated lane
docs-api-reference/rtm2/_en/_javascript/_configuration-en.javascript.mdx,M,content/docs/zh-CN/api-reference/rtm/_en/_javascript/_configuration-en.javascript.mdx,deferred-generated-or-navigation,yes,pending,legacy path has no approved direct target or generated lane
docs-api-reference/rtm2/_en/_javascript/_enumv-en.mdx,M,content/docs/zh-CN/api-reference/rtm/_en/_javascript/_enumv-en.mdx,deferred-generated-or-navigation,yes,pending,legacy path has no approved direct target or generated lane
docs-api-reference/rtm2/_platforms_.meta.js,M,,deferred-generated-or-navigation,yes,pending,legacy path has no approved direct target or generated lane
docs-api-reference/rtm2/enumv.javascript.mdx,M,content/docs/zh-CN/api-reference/rtm/enumv.javascript.mdx,deferred-generated-or-navigation,yes,pending,legacy path has no approved direct target or generated lane
docs-api-reference/rtm2/toc-channel/channel.javascript.mdx,M,content/docs/zh-CN/api-reference/rtm/toc-channel/channel.javascript.mdx,deferred-generated-or-navigation,yes,pending,legacy path has no approved direct target or generated lane
docs-api-reference/rtm2/toc-configuration/configuration.javascript.mdx,M,content/docs/zh-CN/api-reference/rtm/toc-configuration/configuration.javascript.mdx,deferred-generated-or-navigation,yes,pending,legacy path has no approved direct target or generated lane
docs-api-reference/rtsa/_platforms_.meta.js,M,,deferred-generated-or-navigation,yes,pending,legacy path has no approved direct target or generated lane
docs/agora-product/best-practices/reduce-app-size.android.mdx,M,,needs-manual-mapping,yes,pending,legacy path has no approved direct target or generated lane
docs/cloud-recording/_en-only/cloud-recording.md,M,content/docs/zh-CN/api-reference/cloud-recording/_en-only/cloud-recording.md,needs-manual-mapping,yes,pending,legacy path has no approved direct target or generated lane
docs/cloud-recording/_sidebar_.meta.js,M,,deferred-generated-or-navigation,yes,pending,legacy path has no approved direct target or generated lane
docs/cloud-recording/overview/billing-strategy/billing.mdx,M,content/docs/zh-CN/api-reference/cloud-recording/overview/billing-strategy/billing.mdx,needs-manual-mapping,yes,pending,legacy path has no approved direct target or generated lane
docs/cloud-recording/overview/release-notes.mdx,M,content/docs/zh-CN/api-reference/cloud-recording/overview/release-notes.mdx,needs-manual-mapping,yes,pending,legacy path has no approved direct target or generated lane
docs/cloud-recording/user-guides/individual-mode/legacy-set-individual.mdx,A,,needs-manual-mapping,yes,pending,legacy path has no approved direct target or generated lane
docs/cloud-recording/user-guides/individual-mode/set-individual.mdx,M,content/docs/zh-CN/api-reference/cloud-recording/user-guides/individual-mode/set-individual.mdx,needs-manual-mapping,yes,pending,legacy path has no approved direct target or generated lane
docs/cloud-recording/user-guides/manage-file/introduce-recorded-files.mdx,M,content/docs/zh-CN/api-reference/cloud-recording/user-guides/manage-file/introduce-recorded-files.mdx,needs-manual-mapping,yes,pending,legacy path has no approved direct target or generated lane
docs/cloud-recording/user-guides/manage-file/legacy-introduce-recorded-files.mdx,A,,needs-manual-mapping,yes,pending,legacy path has no approved direct target or generated lane
docs/cloud-recording/user-guides/manage-file/playback.mdx,M,content/docs/zh-CN/api-reference/cloud-recording/user-guides/manage-file/playback.mdx,needs-manual-mapping,yes,pending,legacy path has no approved direct target or generated lane
docs/cloud-recording/user-guides/snapshot.mdx,M,content/docs/zh-CN/api-reference/cloud-recording/user-guides/snapshot.mdx,needs-manual-mapping,yes,pending,legacy path has no approved direct target or generated lane
docs/content-moderation/get-started/enable-service.mdx,M,,needs-manual-mapping,yes,pending,legacy path has no approved direct target or generated lane
docs/content-moderation/integrate-extensions/audio-moderation-api.mdx,M,,needs-manual-mapping,yes,pending,legacy path has no approved direct target or generated lane
docs/content-moderation/overview/billing.mdx,M,,needs-manual-mapping,yes,pending,legacy path has no approved direct target or generated lane
docs/convoai/_sidebar_.meta.js,M,,deferred-generated-or-navigation,yes,pending,legacy path has no approved direct target or generated lane
docs/convoai/get-started/quick-start-agent.mdx,M,content/docs/zh-CN/api-reference/conversational-ai/get-started/quick-start-agent.mdx,needs-manual-mapping,yes,pending,legacy path has no approved direct target or generated lane
docs/convoai/overview/release-notes.mdx,M,content/docs/zh-CN/api-reference/conversational-ai/overview/release-notes.mdx,needs-manual-mapping,yes,pending,legacy path has no approved direct target or generated lane
docs/convoai/user-guides/asr-keywords.mdx,A,,needs-manual-mapping,yes,pending,legacy path has no approved direct target or generated lane
docs/convoai/user-guides/filler-words.mdx,A,,needs-manual-mapping,yes,pending,legacy path has no approved direct target or generated lane
docs/convoai/user-guides/rest-tool.mdx,A,,needs-manual-mapping,yes,pending,legacy path has no approved direct target or generated lane
docs/convoai/webhook/ncs-events.mdx,M,content/docs/zh-CN/api-reference/conversational-ai/webhook/ncs-events.mdx,needs-manual-mapping,yes,pending,legacy path has no approved direct target or generated lane
docs/media-push/overview/billing.mdx,M,content/docs/zh-CN/realtime-media/media-push/reference/billing.mdx,already-present-needs-semantic-patch,yes,preserved target; source delta requires semantic review,
docs/rtc/_homepage_.mdx,M,content/docs/zh-CN/realtime-media/rtc/_homepage_.mdx,needs-manual-mapping,yes,pending,legacy path has no approved direct target or generated lane
docs/rtc/advanced-features/advanced-beauty.windows.android.ios.macos.mdx,M,content/docs/zh-CN/realtime-media/rtc/build/video/advanced-beauty.windows.android.ios.macos.mdx,needs-manual-mapping,yes,pending,legacy path has no approved direct target or generated lane
docs/rtc/basic-features/audio-quick-start.android.mdx,M,content/docs/zh-CN/realtime-media/rtc/build/audio/audio-quick-start.android.mdx,needs-manual-mapping,yes,pending,legacy path has no approved direct target or generated lane
docs/rtc/basic-features/audio-quick-start.javascript.mdx,M,content/docs/zh-CN/realtime-media/rtc/build/audio/audio-quick-start.javascript.mdx,needs-manual-mapping,yes,pending,legacy path has no approved direct target or generated lane
docs/rtc/basic-features/ls-quick-start.javascript.mdx,M,content/docs/zh-CN/realtime-media/rtc/build/implement-core-features/ls-quick-start.javascript.mdx,needs-manual-mapping,yes,pending,legacy path has no approved direct target or generated lane
docs/rtc/best-practice/reduce-app-size.android.ios.macos.windows.electron.mdx,M,content/docs/zh-CN/realtime-media/rtc/build/quality-and-operations/reduce-app-size.android.ios.macos.windows.electron.mdx,needs-manual-mapping,yes,pending,legacy path has no approved direct target or generated lane
docs/rtc/get-started/quick-start.android.mdx,M,content/docs/zh-CN/realtime-media/rtc/get-started/quick-start.android.mdx,needs-manual-mapping,yes,pending,legacy path has no approved direct target or generated lane
docs/rtc/get-started/quick-start.javascript.mdx,M,content/docs/zh-CN/realtime-media/rtc/get-started/quick-start.javascript.mdx,needs-manual-mapping,yes,pending,legacy path has no approved direct target or generated lane
docs/rtc/landing-page.javascript.mdx,M,content/docs/zh-CN/realtime-media/rtc/landing-page.javascript.mdx,needs-manual-mapping,yes,pending,legacy path has no approved direct target or generated lane
docs/rtc/overview/release-notes.android.mdx,M,content/docs/zh-CN/realtime-media/rtc/reference/release-notes.android.mdx,needs-manual-mapping,yes,pending,legacy path has no approved direct target or generated lane
docs/rtc/overview/release-notes.electron.mdx,M,content/docs/zh-CN/realtime-media/rtc/reference/release-notes.electron.mdx,needs-manual-mapping,yes,pending,legacy path has no approved direct target or generated lane
docs/rtc/overview/release-notes.flutter.mdx,M,content/docs/zh-CN/realtime-media/rtc/reference/release-notes.flutter.mdx,needs-manual-mapping,yes,pending,legacy path has no approved direct target or generated lane
docs/rtc/overview/release-notes.ios.mdx,M,content/docs/zh-CN/realtime-media/rtc/reference/release-notes.ios.mdx,needs-manual-mapping,yes,pending,legacy path has no approved direct target or generated lane
docs/rtc/overview/release-notes.javascript.mdx,M,content/docs/zh-CN/realtime-media/rtc/reference/release-notes.javascript.mdx,needs-manual-mapping,yes,pending,legacy path has no approved direct target or generated lane
docs/rtc/overview/release-notes.macos.mdx,M,content/docs/zh-CN/realtime-media/rtc/reference/release-notes.macos.mdx,needs-manual-mapping,yes,pending,legacy path has no approved direct target or generated lane
docs/rtc/overview/release-notes.rn.mdx,M,content/docs/zh-CN/realtime-media/rtc/reference/release-notes.rn.mdx,needs-manual-mapping,yes,pending,legacy path has no approved direct target or generated lane
docs/rtc/overview/release-notes.unity.mdx,M,content/docs/zh-CN/realtime-media/rtc/reference/release-notes.unity.mdx,needs-manual-mapping,yes,pending,legacy path has no approved direct target or generated lane
docs/rtc/overview/release-notes.unreal-blueprint.mdx,M,content/docs/zh-CN/realtime-media/rtc/reference/release-notes.unreal-blueprint.mdx,needs-manual-mapping,yes,pending,legacy path has no approved direct target or generated lane
docs/rtc/overview/release-notes.unreal-cpp.mdx,M,content/docs/zh-CN/realtime-media/rtc/reference/release-notes.unreal-cpp.mdx,needs-manual-mapping,yes,pending,legacy path has no approved direct target or generated lane
docs/rtc/overview/release-notes.windows.mdx,M,content/docs/zh-CN/realtime-media/rtc/reference/release-notes.windows.mdx,needs-manual-mapping,yes,pending,legacy path has no approved direct target or generated lane
docs/rtc/resources.android.mdx,M,content/docs/zh-CN/realtime-media/rtc/reference/downloads.android.mdx,needs-manual-mapping,yes,pending,legacy path has no approved direct target or generated lane
docs/rtc/resources.flutter.mdx,M,content/docs/zh-CN/realtime-media/rtc/reference/downloads.flutter.mdx,needs-manual-mapping,yes,pending,legacy path has no approved direct target or generated lane
docs/rtc/resources.ios.mdx,M,content/docs/zh-CN/realtime-media/rtc/reference/downloads.ios.mdx,needs-manual-mapping,yes,pending,legacy path has no approved direct target or generated lane
docs/rtc/resources.javascript.mdx,M,content/docs/zh-CN/realtime-media/rtc/reference/downloads.javascript.mdx,needs-manual-mapping,yes,pending,legacy path has no approved direct target or generated lane
docs/rtc/resources.macos.mdx,M,content/docs/zh-CN/realtime-media/rtc/reference/downloads.macos.mdx,needs-manual-mapping,yes,pending,legacy path has no approved direct target or generated lane
docs/rtc/resources.rn.mdx,M,content/docs/zh-CN/realtime-media/rtc/reference/downloads.rn.mdx,needs-manual-mapping,yes,pending,legacy path has no approved direct target or generated lane
docs/rtc/resources.windows.mdx,M,content/docs/zh-CN/realtime-media/rtc/reference/downloads.windows.mdx,needs-manual-mapping,yes,pending,legacy path has no approved direct target or generated lane
docs/rtm2/_homepage_.mdx,M,content/docs/zh-CN/realtime-media/rtm/_homepage_.mdx,needs-manual-mapping,yes,pending,legacy path has no approved direct target or generated lane
docs/rtm2/_platforms_.meta.js,M,,deferred-generated-or-navigation,yes,pending,legacy path has no approved direct target or generated lane
docs/rtm2/_sidebar_.meta.mini-program.js,A,,needs-manual-mapping,yes,pending,legacy path has no approved direct target or generated lane
docs/rtm2/error-codes.javascript.mdx,M,content/docs/zh-CN/realtime-media/rtm/reference/error-codes.javascript.mdx,needs-manual-mapping,yes,pending,legacy path has no approved direct target or generated lane
docs/rtm2/error-codes.mini-program.mdx,A,,needs-manual-mapping,yes,pending,legacy path has no approved direct target or generated lane
docs/rtm2/get-started/quick-start.javascript.mdx,M,content/docs/zh-CN/realtime-media/rtm/get-started/quick-start.javascript.mdx,needs-manual-mapping,yes,pending,legacy path has no approved direct target or generated lane
docs/rtm2/get-started/quick-start.mini-program.mdx,A,,needs-manual-mapping,yes,pending,legacy path has no approved direct target or generated lane
docs/rtm2/landing-page.mini-program.mdx,A,,needs-manual-mapping,yes,pending,legacy path has no approved direct target or generated lane
docs/rtm2/overview/_release-notes-en.javascript.mdx,M,content/docs/zh-CN/realtime-media/rtm/overview/_release-notes-en.javascript.mdx,needs-manual-mapping,yes,pending,legacy path has no approved direct target or generated lane
docs/rtm2/overview/feature-list.mini-program.mdx,A,,needs-manual-mapping,yes,pending,legacy path has no approved direct target or generated lane
docs/rtm2/overview/platform-support.mini-program.mdx,A,,needs-manual-mapping,yes,pending,legacy path has no approved direct target or generated lane
docs/rtm2/overview/release-notes.javascript.mdx,M,content/docs/zh-CN/realtime-media/rtm/reference/release-notes.javascript.mdx,needs-manual-mapping,yes,pending,legacy path has no approved direct target or generated lane
docs/rtm2/overview/release-notes.mini-program.mdx,A,,needs-manual-mapping,yes,pending,legacy path has no approved direct target or generated lane
docs/rtm2/sunset-policy.mdx,M,content/docs/zh-CN/realtime-media/rtm/reference/sunset-policy.mdx,already-present-needs-semantic-patch,yes,preserved target; source delta requires semantic review,
docs/rtm2/user-guide/channel/channel-basic.mdx,M,content/docs/zh-CN/realtime-media/rtm/build/manage-channels/channel-basic.mdx,already-present-needs-semantic-patch,yes,preserved target; source delta requires semantic review,
docs/rtm2/user-guide/channel/message-channel.mdx,M,content/docs/zh-CN/realtime-media/rtm/build/manage-channels/message-channel.mdx,already-present-needs-semantic-patch,yes,preserved target; source delta requires semantic review,
docs/rtm2/user-guide/link/link-basic.android.ios.swift.flutter.cpp.javascript.harmonyos.mdx,D,content/docs/zh-CN/realtime-media/rtm/build/manage-connections/link-basic.android.ios.swift.flutter.cpp.javascript.harmonyos.mdx,needs-manual-mapping,yes,pending,legacy path has no approved direct target or generated lane
docs/rtm2/user-guide/link/link-basic.android.ios.swift.flutter.cpp.javascript.mini-program.harmonyos.mdx,A,,needs-manual-mapping,yes,pending,legacy path has no approved direct target or generated lane
docs/rtm2/user-guide/link/link-state.android.ios.swift.flutter.cpp.javascript.harmonyos.mdx,D,content/docs/zh-CN/realtime-media/rtm/reference/link-state.android.ios.swift.flutter.cpp.javascript.harmonyos.mdx,needs-manual-mapping,yes,pending,legacy path has no approved direct target or generated lane
docs/rtm2/user-guide/link/link-state.android.ios.swift.flutter.cpp.javascript.mini-program.harmonyos.mdx,A,,needs-manual-mapping,yes,pending,legacy path has no approved direct target or generated lane
docs/rtm2/user-guide/message/add-event-listener.mdx,M,content/docs/zh-CN/realtime-media/rtm/build/manage-messages/add-event-listener.mdx,migrated,no,pending,
docs/rtm2/user-guide/message/constructed.mdx,M,content/docs/zh-CN/realtime-media/rtm/build/manage-messages/constructed.mdx,already-present-needs-semantic-patch,yes,preserved target; source delta requires semantic review,
docs/rtm2/user-guide/message/history-message.android.ios.swift.cpp.javascript.flutter.harmonyos.mdx,D,content/docs/zh-CN/realtime-media/rtm/build/manage-messages/history-message.android.ios.swift.cpp.javascript.flutter.harmonyos.mdx,needs-manual-mapping,yes,pending,legacy path has no approved direct target or generated lane
docs/rtm2/user-guide/message/history-message.android.ios.swift.cpp.javascript.mini-program.flutter.harmonyos.mdx,A,,needs-manual-mapping,yes,pending,legacy path has no approved direct target or generated lane
docs/rtm2/user-guide/message/send-message.mdx,M,content/docs/zh-CN/realtime-media/rtm/build/manage-messages/send-message.mdx,already-present-needs-semantic-patch,yes,preserved target; source delta requires semantic review,
docs/rtm2/user-guide/presence/event.mdx,M,content/docs/zh-CN/realtime-media/rtm/build/manage-presence/event.mdx,migrated,no,pending,
docs/rtm2/user-guide/presence/presence-basic.mdx,M,content/docs/zh-CN/realtime-media/rtm/build/manage-presence/presence-basic.mdx,already-present-needs-semantic-patch,yes,preserved target; source delta requires semantic review,
docs/rtm2/user-guide/presence/temporary-user-state.mdx,M,content/docs/zh-CN/realtime-media/rtm/build/manage-presence/temporary-user-state.mdx,already-present-needs-semantic-patch,yes,preserved target; source delta requires semantic review,
docs/rtm2/user-guide/setup/api-limits.mdx,M,content/docs/zh-CN/realtime-media/rtm/reference/api-limits.mdx,already-present-needs-semantic-patch,yes,preserved target; source delta requires semantic review,
docs/rtm2/user-guide/setup/application-setup.mdx,M,content/docs/zh-CN/realtime-media/rtm/build/setup-and-access/application-setup.mdx,already-present-needs-semantic-patch,yes,preserved target; source delta requires semantic review,
docs/rtm2/user-guide/setup/data-security.mdx,M,content/docs/zh-CN/realtime-media/rtm/reference/data-security.mdx,already-present-needs-semantic-patch,yes,preserved target; source delta requires semantic review,
docs/rtm2/user-guide/storage/channel-metadata.mdx,M,content/docs/zh-CN/realtime-media/rtm/build/manage-metadata/channel-metadata.mdx,already-present-needs-semantic-patch,yes,preserved target; source delta requires semantic review,
docs/rtm2/user-guide/storage/event.mdx,M,content/docs/zh-CN/realtime-media/rtm/build/manage-metadata/event.mdx,migrated,no,pending,
docs/rtm2/user-guide/storage/user-metadata.mdx,M,content/docs/zh-CN/realtime-media/rtm/build/manage-metadata/user-metadata.mdx,already-present-needs-semantic-patch,yes,preserved target; source delta requires semantic review,
docs/rtm2/user-guide/token/user-authentication.javascript.mdx,M,content/docs/zh-CN/realtime-media/rtm/build/security-and-auth/user-authentication.javascript.mdx,needs-manual-mapping,yes,pending,legacy path has no approved direct target or generated lane
docs/rtm2/user-guide/token/user-authentication.javascript.mini-program.mdx,A,,needs-manual-mapping,yes,pending,legacy path has no approved direct target or generated lane
docs/rtsa/advanced-features/data-stream.mdx,M,content/docs/zh-CN/realtime-media/rtsa/build/implement-core-features/data-stream.mdx,already-present-needs-semantic-patch,yes,preserved target; source delta requires semantic review,
docs/rtsa/advanced-features/multi-channel.mdx,M,content/docs/zh-CN/realtime-media/rtsa/build/implement-core-features/multi-channel.mdx,already-present-needs-semantic-patch,yes,preserved target; source delta requires semantic review,
docs/rtsa/advanced-features/send-message-through-rdt-channel.mdx,M,content/docs/zh-CN/realtime-media/rtsa/build/implement-core-features/send-message-through-rdt-channel.mdx,already-present-needs-semantic-patch,yes,preserved target; source delta requires semantic review,
docs/rtsa/basic-features/audio-codec.mdx,M,content/docs/zh-CN/realtime-media/rtsa/build/implement-core-features/audio-codec.mdx,already-present-needs-semantic-patch,yes,preserved target; source delta requires semantic review,
docs/rtsa/basic-features/bitrate-adaption.mdx,M,content/docs/zh-CN/realtime-media/rtsa/build/implement-core-features/bitrate-adaption.mdx,already-present-needs-semantic-patch,yes,preserved target; source delta requires semantic review,
docs/rtsa/basic-features/cloud-proxy.mdx,M,content/docs/zh-CN/realtime-media/rtsa/build/setup-and-access/cloud-proxy.mdx,already-present-needs-semantic-patch,yes,preserved target; source delta requires semantic review,
docs/rtsa/basic-features/key-frame.mdx,M,content/docs/zh-CN/realtime-media/rtsa/build/implement-core-features/key-frame.mdx,already-present-needs-semantic-patch,yes,preserved target; source delta requires semantic review,
docs/rtsa/basic-features/stream-state.mdx,M,content/docs/zh-CN/realtime-media/rtsa/build/implement-core-features/stream-state.mdx,already-present-needs-semantic-patch,yes,preserved target; source delta requires semantic review,
docs/rtsa/get-started/implement-transmission.c.mdx,M,content/docs/zh-CN/realtime-media/rtsa/build/implement-core-features/implement-transmission.c.mdx,needs-manual-mapping,yes,pending,legacy path has no approved direct target or generated lane
docs/rtsa/landing-page.mdx,M,content/docs/zh-CN/realtime-media/rtsa/landing-page.mdx,needs-manual-mapping,yes,pending,legacy path has no approved direct target or generated lane
docs/rtsa/overview/product-overview.mdx,M,content/docs/zh-CN/realtime-media/rtsa.mdx,migrated,no,pending,
docs/rtsa/overview/release-notes.c.mdx,M,content/docs/zh-CN/realtime-media/rtsa/reference/release-notes.c.mdx,needs-manual-mapping,yes,pending,legacy path has no approved direct target or generated lane
docs/rtsa/resources.c.mdx,M,content/docs/zh-CN/realtime-media/rtsa/reference/downloads.c.mdx,needs-manual-mapping,yes,pending,legacy path has no approved direct target or generated lane
docs/shared/convoai/component-integrate.mdx,M,content/docs/zh-CN/_shared/convoai/component-integrate.mdx,needs-manual-mapping,yes,pending,legacy path has no approved direct target or generated lane
docs/shared/convoai/component-structure.mdx,M,content/docs/zh-CN/_shared/convoai/component-structure.mdx,needs-manual-mapping,yes,pending,legacy path has no approved direct target or generated lane
docs/shared/marketplace/video-moderation-2.mdx,M,content/docs/zh-CN/_shared/marketplace/video-moderation-2.mdx,needs-manual-mapping,yes,pending,legacy path has no approved direct target or generated lane
docs/shared/marketplace/video-moderation.mdx,M,content/docs/zh-CN/_shared/marketplace/video-moderation.mdx,needs-manual-mapping,yes,pending,legacy path has no approved direct target or generated lane
docs/shared/rtc/extension-details.mdx,M,content/docs/zh-CN/_shared/rtc/extension-details.mdx,needs-manual-mapping,yes,pending,legacy path has no approved direct target or generated lane
docs/shared/rtc/new-beauty-intro.mdx,M,content/docs/zh-CN/_shared/rtc/new-beauty-intro.mdx,needs-manual-mapping,yes,pending,legacy path has no approved direct target or generated lane
docs/smart-doorbell/_sidebar_.meta.js,M,,deferred-generated-or-navigation,yes,pending,legacy path has no approved direct target or generated lane
docs/smart-doorbell/landing-page.mdx,M,,needs-manual-mapping,yes,pending,legacy path has no approved direct target or generated lane
docs/smart-doorbell/product-overview.mdx,M,,needs-manual-mapping,yes,pending,legacy path has no approved direct target or generated lane
docs/speech-to-text/landing-page.mdx,M,content/docs/zh-CN/realtime-media/speech-to-text/index.mdx,already-present-needs-semantic-patch,yes,preserved target; source delta requires semantic review,
docs/superpowers/plans/2026-08-31-df-049-rtsa-1-10-1-release-notes.md,A,,needs-manual-mapping,yes,pending,legacy path has no approved direct target or generated lane
docs/superpowers/plans/2026-09-01-rtsa-1-10-1-doc-sync.md,A,,needs-manual-mapping,yes,pending,legacy path has no approved direct target or generated lane
docs/superpowers/plans/2026-09-01-rtsa-c-api-version-switch.md,A,,needs-manual-mapping,yes,pending,legacy path has no approved direct target or generated lane
docs/superpowers/plans/2026-09-08-single-stream-mp4-limitations.md,A,,needs-manual-mapping,yes,pending,legacy path has no approved direct target or generated lane
docs/superpowers/specs/2026-08-25-convoai-v2-12-restful-toolkit-pr-design.md,A,,needs-manual-mapping,yes,pending,legacy path has no approved direct target or generated lane
docs/superpowers/specs/2026-08-31-df-049-rtsa-1-10-1-release-notes-design.md,A,,needs-manual-mapping,yes,pending,legacy path has no approved direct target or generated lane
docs/superpowers/specs/2026-09-01-rtsa-1-10-1-doc-sync-design.md,A,,needs-manual-mapping,yes,pending,legacy path has no approved direct target or generated lane
docs/superpowers/specs/2026-09-01-rtsa-c-api-version-design.md,A,,needs-manual-mapping,yes,pending,legacy path has no approved direct target or generated lane
docs/superpowers/specs/2026-09-08-single-stream-mp4-limitations-design.md,A,,needs-manual-mapping,yes,pending,legacy path has no approved direct target or generated lane
html-docs/cloud-recording/cloud-recording.yaml,M,content/openapi/cloud-recording/cloud-recording.zh-CN.yaml,already-present-or-no-content-diff,yes,pending,legacy path has no approved direct target or generated lane
html-docs/convoai/RESTful/convoai.yaml,M,content/openapi/conversational-ai/convoai.zh-CN.yaml,deferred-generated-or-navigation,yes,pending,legacy path has no approved direct target or generated lane
html-docs/rtc/Android/API/class_faceshapeareaoptions.html,M,,deferred-generated-or-navigation,yes,pending,legacy path has no approved direct target or generated lane
html-docs/rtc/Android/API/class_ivideoeffectobject.html,A,,deferred-generated-or-navigation,yes,pending,legacy path has no approved direct target or generated lane
html-docs/rtc/Android/API/class_logconfig.html,M,,deferred-generated-or-navigation,yes,pending,legacy path has no approved direct target or generated lane
html-docs/rtc/Android/API/enum_videoeffectnodeid.html,M,,deferred-generated-or-navigation,yes,pending,legacy path has no approved direct target or generated lane
html-docs/rtc/Android/API/rtc_api_data_type.html,M,,deferred-generated-or-navigation,yes,pending,legacy path has no approved direct target or generated lane
html-docs/rtc/Android/API/rtc_api_overview.html,M,,deferred-generated-or-navigation,yes,pending,legacy path has no approved direct target or generated lane
html-docs/rtc/Android/API/rtc_api_sunset.html,M,,deferred-generated-or-navigation,yes,pending,legacy path has no approved direct target or generated lane
html-docs/rtc/Android/API/rtc_interface_class.html,M,,deferred-generated-or-navigation,yes,pending,legacy path has no approved direct target or generated lane
html-docs/rtc/Android/API/toc_channel.html,M,,deferred-generated-or-navigation,yes,pending,legacy path has no approved direct target or generated lane
html-docs/rtc/Android/API/toc_metadata_observer.html,M,,deferred-generated-or-navigation,yes,pending,legacy path has no approved direct target or generated lane
html-docs/rtc/Android/API/toc_network.html,M,,deferred-generated-or-navigation,yes,pending,legacy path has no approved direct target or generated lane
html-docs/rtc/Android/API/toc_publishnsubscribe.html,M,,deferred-generated-or-navigation,yes,pending,legacy path has no approved direct target or generated lane
html-docs/rtc/Android/API/toc_video_basic.html,M,,deferred-generated-or-navigation,yes,pending,legacy path has no approved direct target or generated lane
html-docs/rtc/Android/API/toc_video_enhance_option.html,M,,deferred-generated-or-navigation,yes,pending,legacy path has no approved direct target or generated lane
html-docs/rtc/Cpp/API/class_externalvideoframe.html,M,,deferred-generated-or-navigation,yes,pending,legacy path has no approved direct target or generated lane
html-docs/rtc/Cpp/API/class_faceshapeareaoptions.html,M,,deferred-generated-or-navigation,yes,pending,legacy path has no approved direct target or generated lane
html-docs/rtc/Cpp/API/class_ivideoeffectobject.html,A,,deferred-generated-or-navigation,yes,pending,legacy path has no approved direct target or generated lane
html-docs/rtc/Cpp/API/class_logconfig.html,M,,deferred-generated-or-navigation,yes,pending,legacy path has no approved direct target or generated lane
html-docs/rtc/Cpp/API/enum_errorcodetype.html,M,,deferred-generated-or-navigation,yes,pending,legacy path has no approved direct target or generated lane
html-docs/rtc/Cpp/API/enum_faceshapearea.html,M,,deferred-generated-or-navigation,yes,pending,legacy path has no approved direct target or generated lane
html-docs/rtc/Cpp/API/enum_localvideoeventtype.html,M,,deferred-generated-or-navigation,yes,pending,legacy path has no approved direct target or generated lane
html-docs/rtc/Cpp/API/enum_videoeffectnodeid.html,M,,deferred-generated-or-navigation,yes,pending,legacy path has no approved direct target or generated lane
html-docs/rtc/Cpp/API/enum_warncodetype.html,A,,deferred-generated-or-navigation,yes,pending,legacy path has no approved direct target or generated lane
html-docs/rtc/Cpp/API/rtc_api_data_type.html,M,,deferred-generated-or-navigation,yes,pending,legacy path has no approved direct target or generated lane
html-docs/rtc/Cpp/API/rtc_api_overview.html,M,,deferred-generated-or-navigation,yes,pending,legacy path has no approved direct target or generated lane
html-docs/rtc/Cpp/API/rtc_api_sunset.html,M,,deferred-generated-or-navigation,yes,pending,legacy path has no approved direct target or generated lane
html-docs/rtc/Cpp/API/rtc_interface_class.html,M,,deferred-generated-or-navigation,yes,pending,legacy path has no approved direct target or generated lane
html-docs/rtc/Cpp/API/toc_channel.html,M,,deferred-generated-or-navigation,yes,pending,legacy path has no approved direct target or generated lane
html-docs/rtc/Cpp/API/toc_datastream.html,M,,deferred-generated-or-navigation,yes,pending,legacy path has no approved direct target or generated lane
html-docs/rtc/Cpp/API/toc_metadata_observer.html,M,,deferred-generated-or-navigation,yes,pending,legacy path has no approved direct target or generated lane
html-docs/rtc/Cpp/API/toc_publishnsubscribe.html,M,,deferred-generated-or-navigation,yes,pending,legacy path has no approved direct target or generated lane
html-docs/rtc/Cpp/API/toc_screencapture.html,M,,deferred-generated-or-navigation,yes,pending,legacy path has no approved direct target or generated lane
html-docs/rtc/Cpp/API/toc_video_enhance_option.html,M,,deferred-generated-or-navigation,yes,pending,legacy path has no approved direct target or generated lane
html-docs/rtc/Csharp/API/toc_channel.html,M,,deferred-generated-or-navigation,yes,pending,legacy path has no approved direct target or generated lane
html-docs/rtc/Csharp/API/toc_publishnsubscribe.html,M,,deferred-generated-or-navigation,yes,pending,legacy path has no approved direct target or generated lane
html-docs/rtc/Electron/API/class_logconfig.html,M,,deferred-generated-or-navigation,yes,pending,legacy path has no approved direct target or generated lane
html-docs/rtc/Electron/API/toc_channel.html,M,,deferred-generated-or-navigation,yes,pending,legacy path has no approved direct target or generated lane
html-docs/rtc/Electron/API/toc_metadata_observer.html,M,,deferred-generated-or-navigation,yes,pending,legacy path has no approved direct target or generated lane
html-docs/rtc/Electron/API/toc_publishnsubscribe.html,M,,deferred-generated-or-navigation,yes,pending,legacy path has no approved direct target or generated lane
html-docs/rtc/Flutter/API/class_logconfig.html,M,,deferred-generated-or-navigation,yes,pending,legacy path has no approved direct target or generated lane
html-docs/rtc/Flutter/API/enum_localvideoeventtype.html,M,,deferred-generated-or-navigation,yes,pending,legacy path has no approved direct target or generated lane
html-docs/rtc/Flutter/API/toc_channel.html,M,,deferred-generated-or-navigation,yes,pending,legacy path has no approved direct target or generated lane
html-docs/rtc/Flutter/API/toc_metadata_observer.html,M,,deferred-generated-or-navigation,yes,pending,legacy path has no approved direct target or generated lane
html-docs/rtc/Flutter/API/toc_publishnsubscribe.html,M,,deferred-generated-or-navigation,yes,pending,legacy path has no approved direct target or generated lane
html-docs/rtc/Flutter/API/toc_video_basic.html,M,,deferred-generated-or-navigation,yes,pending,legacy path has no approved direct target or generated lane
html-docs/rtc/HarmonyOS/API/class_logconfig.html,M,,deferred-generated-or-navigation,yes,pending,legacy path has no approved direct target or generated lane
html-docs/rtc/HarmonyOS/API/toc_channel.html,M,,deferred-generated-or-navigation,yes,pending,legacy path has no approved direct target or generated lane
html-docs/rtc/RN/API/class_logconfig.html,M,,deferred-generated-or-navigation,yes,pending,legacy path has no approved direct target or generated lane
html-docs/rtc/RN/API/enum_localvideoeventtype.html,M,,deferred-generated-or-navigation,yes,pending,legacy path has no approved direct target or generated lane
html-docs/rtc/RN/API/toc_channel.html,M,,deferred-generated-or-navigation,yes,pending,legacy path has no approved direct target or generated lane
html-docs/rtc/RN/API/toc_metadata_observer.html,M,,deferred-generated-or-navigation,yes,pending,legacy path has no approved direct target or generated lane
html-docs/rtc/RN/API/toc_publishnsubscribe.html,M,,deferred-generated-or-navigation,yes,pending,legacy path has no approved direct target or generated lane
html-docs/rtc/RN/API/toc_video_basic.html,M,,deferred-generated-or-navigation,yes,pending,legacy path has no approved direct target or generated lane
html-docs/rtc/Unity/API/class_logconfig.html,M,,deferred-generated-or-navigation,yes,pending,legacy path has no approved direct target or generated lane
html-docs/rtc/Unity/API/toc_channel.html,M,,deferred-generated-or-navigation,yes,pending,legacy path has no approved direct target or generated lane
html-docs/rtc/Unity/API/toc_metadata_observer.html,M,,deferred-generated-or-navigation,yes,pending,legacy path has no approved direct target or generated lane
html-docs/rtc/Unity/API/toc_publishnsubscribe.html,M,,deferred-generated-or-navigation,yes,pending,legacy path has no approved direct target or generated lane
html-docs/rtc/Unreal-blueprint/API/toc_channel.html,M,,deferred-generated-or-navigation,yes,pending,legacy path has no approved direct target or generated lane
html-docs/rtc/Unreal-blueprint/API/toc_publishnsubscribe.html,M,,deferred-generated-or-navigation,yes,pending,legacy path has no approved direct target or generated lane
html-docs/rtc/Unreal-cpp/API/toc_channel.html,M,,deferred-generated-or-navigation,yes,pending,legacy path has no approved direct target or generated lane
html-docs/rtc/Unreal-cpp/API/toc_metadata_observer.html,M,,deferred-generated-or-navigation,yes,pending,legacy path has no approved direct target or generated lane
html-docs/rtc/Unreal-cpp/API/toc_publishnsubscribe.html,M,,deferred-generated-or-navigation,yes,pending,legacy path has no approved direct target or generated lane
html-docs/rtc/Web/interfaces/iagorartc.html,M,,deferred-generated-or-navigation,yes,pending,legacy path has no approved direct target or generated lane
html-docs/rtc/Web/interfaces/iagorartcclient.html,M,,deferred-generated-or-navigation,yes,pending,legacy path has no approved direct target or generated lane
html-docs/rtc/iOS/API/class_faceshapeareaoptions.html,M,,deferred-generated-or-navigation,yes,pending,legacy path has no approved direct target or generated lane
html-docs/rtc/iOS/API/class_ivideoeffectobject.html,A,,deferred-generated-or-navigation,yes,pending,legacy path has no approved direct target or generated lane
html-docs/rtc/iOS/API/class_logconfig.html,M,,deferred-generated-or-navigation,yes,pending,legacy path has no approved direct target or generated lane
html-docs/rtc/iOS/API/enum_errorcodetype.html,M,,deferred-generated-or-navigation,yes,pending,legacy path has no approved direct target or generated lane
html-docs/rtc/iOS/API/enum_faceshapearea.html,M,,deferred-generated-or-navigation,yes,pending,legacy path has no approved direct target or generated lane
html-docs/rtc/iOS/API/enum_videoeffectnodeid.html,M,,deferred-generated-or-navigation,yes,pending,legacy path has no approved direct target or generated lane
html-docs/rtc/iOS/API/rtc_api_data_type.html,M,,deferred-generated-or-navigation,yes,pending,legacy path has no approved direct target or generated lane
html-docs/rtc/iOS/API/rtc_api_overview.html,M,,deferred-generated-or-navigation,yes,pending,legacy path has no approved direct target or generated lane
html-docs/rtc/iOS/API/rtc_api_sunset.html,M,,deferred-generated-or-navigation,yes,pending,legacy path has no approved direct target or generated lane
html-docs/rtc/iOS/API/rtc_interface_class.html,M,,deferred-generated-or-navigation,yes,pending,legacy path has no approved direct target or generated lane
html-docs/rtc/iOS/API/toc_channel.html,M,,deferred-generated-or-navigation,yes,pending,legacy path has no approved direct target or generated lane
html-docs/rtc/iOS/API/toc_metadata_observer.html,M,,deferred-generated-or-navigation,yes,pending,legacy path has no approved direct target or generated lane
html-docs/rtc/iOS/API/toc_publishnsubscribe.html,M,,deferred-generated-or-navigation,yes,pending,legacy path has no approved direct target or generated lane
html-docs/rtc/iOS/API/toc_video_enhance_option.html,M,,deferred-generated-or-navigation,yes,pending,legacy path has no approved direct target or generated lane
html-docs/rtc/macOS/API/class_faceshapeareaoptions.html,M,,deferred-generated-or-navigation,yes,pending,legacy path has no approved direct target or generated lane
html-docs/rtc/macOS/API/class_ivideoeffectobject.html,A,,deferred-generated-or-navigation,yes,pending,legacy path has no approved direct target or generated lane
html-docs/rtc/macOS/API/class_logconfig.html,M,,deferred-generated-or-navigation,yes,pending,legacy path has no approved direct target or generated lane
html-docs/rtc/macOS/API/enum_errorcodetype.html,M,,deferred-generated-or-navigation,yes,pending,legacy path has no approved direct target or generated lane
html-docs/rtc/macOS/API/enum_faceshapearea.html,M,,deferred-generated-or-navigation,yes,pending,legacy path has no approved direct target or generated lane
html-docs/rtc/macOS/API/enum_videoeffectnodeid.html,M,,deferred-generated-or-navigation,yes,pending,legacy path has no approved direct target or generated lane
html-docs/rtc/macOS/API/rtc_api_data_type.html,M,,deferred-generated-or-navigation,yes,pending,legacy path has no approved direct target or generated lane
html-docs/rtc/macOS/API/rtc_api_overview.html,M,,deferred-generated-or-navigation,yes,pending,legacy path has no approved direct target or generated lane
html-docs/rtc/macOS/API/rtc_api_sunset.html,M,,deferred-generated-or-navigation,yes,pending,legacy path has no approved direct target or generated lane
html-docs/rtc/macOS/API/rtc_interface_class.html,M,,deferred-generated-or-navigation,yes,pending,legacy path has no approved direct target or generated lane
html-docs/rtc/macOS/API/toc_channel.html,M,,deferred-generated-or-navigation,yes,pending,legacy path has no approved direct target or generated lane
html-docs/rtc/macOS/API/toc_metadata_observer.html,M,,deferred-generated-or-navigation,yes,pending,legacy path has no approved direct target or generated lane
html-docs/rtc/macOS/API/toc_publishnsubscribe.html,M,,deferred-generated-or-navigation,yes,pending,legacy path has no approved direct target or generated lane
html-docs/rtc/macOS/API/toc_screencapture.html,M,,deferred-generated-or-navigation,yes,pending,legacy path has no approved direct target or generated lane
html-docs/rtc/macOS/API/toc_video_enhance_option.html,M,,deferred-generated-or-navigation,yes,pending,legacy path has no approved direct target or generated lane
html-docs/rtc/mini-program/classes/client.html,M,,deferred-generated-or-navigation,yes,pending,legacy path has no approved direct target or generated lane
html-docs/rtsa/c/agora__rtc__api_8h.html,M,,deferred-generated-or-navigation,yes,pending,legacy path has no approved direct target or generated lane
html-docs/rtsa/c/agora__rtc__api_8h_source.html,M,,deferred-generated-or-navigation,yes,pending,legacy path has no approved direct target or generated lane
html-docs/rtsa/c/annotated.html,M,,deferred-generated-or-navigation,yes,pending,legacy path has no approved direct target or generated lane
html-docs/rtsa/c/classes.html,M,,deferred-generated-or-navigation,yes,pending,legacy path has no approved direct target or generated lane
html-docs/rtsa/c/clipboard.js,M,,deferred-generated-or-navigation,yes,pending,legacy path has no approved direct target or generated lane
html-docs/rtsa/c/codefolding.js,A,,deferred-generated-or-navigation,yes,pending,legacy path has no approved direct target or generated lane
html-docs/rtsa/c/deprecated.html,M,,deferred-generated-or-navigation,yes,pending,legacy path has no approved direct target or generated lane
html-docs/rtsa/c/doxygen.css,M,,deferred-generated-or-navigation,yes,pending,legacy path has no approved direct target or generated lane
html-docs/rtsa/c/doxygen_crawl.html,M,,deferred-generated-or-navigation,yes,pending,legacy path has no approved direct target or generated lane
html-docs/rtsa/c/files.html,M,,deferred-generated-or-navigation,yes,pending,legacy path has no approved direct target or generated lane
html-docs/rtsa/c/functions.html,M,,deferred-generated-or-navigation,yes,pending,legacy path has no approved direct target or generated lane
html-docs/rtsa/c/functions_vars.html,M,,deferred-generated-or-navigation,yes,pending,legacy path has no approved direct target or generated lane
html-docs/rtsa/c/globals.html,M,,deferred-generated-or-navigation,yes,pending,legacy path has no approved direct target or generated lane
html-docs/rtsa/c/globals_a.html,M,,deferred-generated-or-navigation,yes,pending,legacy path has no approved direct target or generated lane
html-docs/rtsa/c/globals_c.html,M,,deferred-generated-or-navigation,yes,pending,legacy path has no approved direct target or generated lane
html-docs/rtsa/c/globals_defs.html,M,,deferred-generated-or-navigation,yes,pending,legacy path has no approved direct target or generated lane
html-docs/rtsa/c/globals_e.html,M,,deferred-generated-or-navigation,yes,pending,legacy path has no approved direct target or generated lane
html-docs/rtsa/c/globals_enum.html,M,,deferred-generated-or-navigation,yes,pending,legacy path has no approved direct target or generated lane
html-docs/rtsa/c/globals_eval.html,M,,deferred-generated-or-navigation,yes,pending,legacy path has no approved direct target or generated lane
html-docs/rtsa/c/globals_func.html,M,,deferred-generated-or-navigation,yes,pending,legacy path has no approved direct target or generated lane
html-docs/rtsa/c/globals_l.html,M,,deferred-generated-or-navigation,yes,pending,legacy path has no approved direct target or generated lane
html-docs/rtsa/c/globals_r.html,M,,deferred-generated-or-navigation,yes,pending,legacy path has no approved direct target or generated lane
html-docs/rtsa/c/globals_s.html,M,,deferred-generated-or-navigation,yes,pending,legacy path has no approved direct target or generated lane
html-docs/rtsa/c/globals_type.html,M,,deferred-generated-or-navigation,yes,pending,legacy path has no approved direct target or generated lane
html-docs/rtsa/c/globals_u.html,M,,deferred-generated-or-navigation,yes,pending,legacy path has no approved direct target or generated lane
html-docs/rtsa/c/globals_v.html,M,,deferred-generated-or-navigation,yes,pending,legacy path has no approved direct target or generated lane
html-docs/rtsa/c/globals_w.html,M,,deferred-generated-or-navigation,yes,pending,legacy path has no approved direct target or generated lane
html-docs/rtsa/c/index.html,M,,deferred-generated-or-navigation,yes,pending,legacy path has no approved direct target or generated lane
html-docs/rtsa/c/mainpage_8md.html,M,,deferred-generated-or-navigation,yes,pending,legacy path has no approved direct target or generated lane
html-docs/rtsa/c/menu.js,M,,deferred-generated-or-navigation,yes,pending,legacy path has no approved direct target or generated lane
html-docs/rtsa/c/navtree.css,M,,deferred-generated-or-navigation,yes,pending,legacy path has no approved direct target or generated lane
html-docs/rtsa/c/pages.html,M,,deferred-generated-or-navigation,yes,pending,legacy path has no approved direct target or generated lane
html-docs/rtsa/c/search/all_1.js,M,,deferred-generated-or-navigation,yes,pending,legacy path has no approved direct target or generated lane
html-docs/rtsa/c/search/all_4.js,M,,deferred-generated-or-navigation,yes,pending,legacy path has no approved direct target or generated lane
html-docs/rtsa/c/search/all_7.js,M,,deferred-generated-or-navigation,yes,pending,legacy path has no approved direct target or generated lane
html-docs/rtsa/c/search/all_9.js,M,,deferred-generated-or-navigation,yes,pending,legacy path has no approved direct target or generated lane
html-docs/rtsa/c/search/all_b.js,M,,deferred-generated-or-navigation,yes,pending,legacy path has no approved direct target or generated lane
html-docs/rtsa/c/search/all_c.js,M,,deferred-generated-or-navigation,yes,pending,legacy path has no approved direct target or generated lane
html-docs/rtsa/c/search/all_e.js,M,,deferred-generated-or-navigation,yes,pending,legacy path has no approved direct target or generated lane
html-docs/rtsa/c/search/classes_5.js,M,,deferred-generated-or-navigation,yes,pending,legacy path has no approved direct target or generated lane
html-docs/rtsa/c/search/enums_3.js,M,,deferred-generated-or-navigation,yes,pending,legacy path has no approved direct target or generated lane
html-docs/rtsa/c/search/enumvalues_2.js,M,,deferred-generated-or-navigation,yes,pending,legacy path has no approved direct target or generated lane
html-docs/rtsa/c/search/enumvalues_3.js,M,,deferred-generated-or-navigation,yes,pending,legacy path has no approved direct target or generated lane
html-docs/rtsa/c/search/functions_0.js,M,,deferred-generated-or-navigation,yes,pending,legacy path has no approved direct target or generated lane
html-docs/rtsa/c/search/search.css,M,,deferred-generated-or-navigation,yes,pending,legacy path has no approved direct target or generated lane
html-docs/rtsa/c/search/search.js,M,,deferred-generated-or-navigation,yes,pending,legacy path has no approved direct target or generated lane
html-docs/rtsa/c/search/variables_6.js,M,,deferred-generated-or-navigation,yes,pending,legacy path has no approved direct target or generated lane
html-docs/rtsa/c/search/variables_8.js,M,,deferred-generated-or-navigation,yes,pending,legacy path has no approved direct target or generated lane
html-docs/rtsa/c/search/variables_b.js,M,,deferred-generated-or-navigation,yes,pending,legacy path has no approved direct target or generated lane
html-docs/rtsa/c/structagora__rtc__event__handler__t.html,M,,deferred-generated-or-navigation,yes,pending,legacy path has no approved direct target or generated lane
html-docs/rtsa/c/structagora__rtm__handler__t.html,M,,deferred-generated-or-navigation,yes,pending,legacy path has no approved direct target or generated lane
html-docs/rtsa/c/structaudio__codec__option__t.html,M,,deferred-generated-or-navigation,yes,pending,legacy path has no approved direct target or generated lane
html-docs/rtsa/c/structaudio__frame__info__t.html,M,,deferred-generated-or-navigation,yes,pending,legacy path has no approved direct target or generated lane
html-docs/rtsa/c/structconnection__info__t.html,M,,deferred-generated-or-navigation,yes,pending,legacy path has no approved direct target or generated lane
html-docs/rtsa/c/structcrypto__option__t.html,M,,deferred-generated-or-navigation,yes,pending,legacy path has no approved direct target or generated lane
html-docs/rtsa/c/structlog__config__t.html,M,,deferred-generated-or-navigation,yes,pending,legacy path has no approved direct target or generated lane
html-docs/rtsa/c/structrdt__status__info.html,M,,deferred-generated-or-navigation,yes,pending,legacy path has no approved direct target or generated lane
html-docs/rtsa/c/structrtc__channel__options__t.html,M,,deferred-generated-or-navigation,yes,pending,legacy path has no approved direct target or generated lane
html-docs/rtsa/c/structrtc__service__option__t.html,M,,deferred-generated-or-navigation,yes,pending,legacy path has no approved direct target or generated lane
html-docs/rtsa/c/structuser__info__s.html,M,,deferred-generated-or-navigation,yes,pending,legacy path has no approved direct target or generated lane
html-docs/rtsa/c/structvideo__frame__info__t.html,M,,deferred-generated-or-navigation,yes,pending,legacy path has no approved direct target or generated lane
html-docs/rtsa/c/structvideo__sei__t.html,A,,deferred-generated-or-navigation,yes,pending,legacy path has no approved direct target or generated lane
html-docs/rtsa/c/tabs.css,M,,deferred-generated-or-navigation,yes,pending,legacy path has no approved direct target or generated lane
html-docs/voip-callkit/call.yaml,M,,deferred-generated-or-navigation,yes,pending,legacy path has no approved direct target or generated lane
static/img/rtc/mac15beta-addkey.png,D,,skipped-generated-or-site-asset,yes,pending,legacy path has no approved direct target or generated lane
static/img/rtc/mac15beta-addlanguage.png,D,,skipped-generated-or-site-asset,yes,pending,legacy path has no approved direct target or generated lane
static/img/rtc/mac15beta-choosetemplate.png,D,,skipped-generated-or-site-asset,yes,pending,legacy path has no approved direct target or generated lane
static/img/rtc/mac15beta-setdisplayname.png,D,,skipped-generated-or-site-asset,yes,pending,legacy path has no approved direct target or generated lane
static/img/rtsa/preauthorization.png,A,,skipped-generated-or-site-asset,yes,pending,legacy path has no approved direct target or generated lane
